[{"type":"function","name":"approve","stateMutability":"nonpayable","inputs":[{"name":"spender","type":"address"},{"name":"value","type":"uint256"}],"outputs":[{"type":"bool"}]},{"type":"function","name":"allowance","stateMutability":"view","inputs":[{"name":"owner","type":"address"},{"name":"spender","type":"address"}],"outputs":[{"type":"uint256"}]},{"type":"function","name":"balanceOf","stateMutability":"view","inputs":[{"name":"account","type":"address"}],"outputs":[{"type":"uint256"}]},{"type":"function","name":"decimals","stateMutability":"view","inputs":[],"outputs":[{"type":"uint8"}]},{"type":"function","name":"symbol","stateMutability":"view","inputs":[],"outputs":[{"type":"string"}]},{"type":"function","name":"name","stateMutability":"view","inputs":[],"outputs":[{"type":"string"}]}]