[
  {
    "inputs": [
      {
        "internalType": "address",
        "name": "_factory",
        "type": "address"
      },
      {
        "internalType": "address",
        "name": "_wphrs",
        "type": "address"
      }
    ],
    "stateMutability": "nonpayable",
    "type": "constructor"
  },
  {
    "anonymous": false,
    "inputs": [
      {
        "indexed": true,
        "internalType": "address",
        "name": "oldFactory",
        "type": "address"
      },
      {
        "indexed": true,
        "internalType": "address",
        "name": "newFactory",
        "type": "address"
      }
    ],
    "name": "FactoryUpdated",
    "type": "event"
  },
  {
    "anonymous": false,
    "inputs": [
      {
        "indexed": true,
        "internalType": "address",
        "name": "newOwner",
        "type": "address"
      }
    ],
    "name": "OwnerUpdated",
    "type": "event"
  },
  {
    "inputs": [
      {
        "internalType": "address",
        "name": "tokenA",
        "type": "address"
      },
      {
        "internalType": "address",
        "name": "tokenB",
        "type": "address"
      },
      {
        "internalType": "uint256",
        "name": "amountADesired",
        "type": "uint256"
      },
      {
        "internalType": "uint256",
        "name": "amountBDesired",
        "type": "uint256"
      }
    ],
    "name": "addLiquidity",
    "outputs": [
      {
        "internalType": "uint256",
        "name": "liquidity",
        "type": "uint256"
      }
    ],
    "stateMutability": "nonpayable",
    "type": "function"
  },
  {
    "inputs": [
      {
        "internalType": "address",
        "name": "token",
        "type": "address"
      },
      {
        "internalType": "uint256",
        "name": "amountTokenDesired",
        "type": "uint256"
      }
    ],
    "name": "addLiquidityPHRS",
    "outputs": [
      {
        "internalType": "uint256",
        "name": "liquidity",
        "type": "uint256"
      }
    ],
    "stateMutability": "payable",
    "type": "function"
  },
  {
    "inputs": [],
    "name": "factory",
    "outputs": [
      {
        "internalType": "address",
        "name": "",
        "type": "address"
      }
    ],
    "stateMutability": "view",
    "type": "function"
  },
  {
    "inputs": [
      {
        "internalType": "uint256",
        "name": "amountIn",
        "type": "uint256"
      },
      {
        "internalType": "address[]",
        "name": "path",
        "type": "address[]"
      }
    ],
    "name": "getAmountsOut",
    "outputs": [
      {
        "internalType": "uint256",
        "name": "amountOut",
        "type": "uint256"
      }
    ],
    "stateMutability": "view",
    "type": "function"
  },
  {
    "inputs": [],
    "name": "owner",
    "outputs": [
      {
        "internalType": "address",
        "name": "",
        "type": "address"
      }
    ],
    "stateMutability": "view",
    "type": "function"
  },
  {
    "inputs": [
      {
        "internalType": "address",
        "name": "tokenA",
        "type": "address"
      },
      {
        "internalType": "address",
        "name": "tokenB",
        "type": "address"
      },
      {
        "internalType": "uint256",
        "name": "liquidity",
        "type": "uint256"
      }
    ],
    "name": "removeLiquidity",
    "outputs": [
      {
        "internalType": "uint256",
        "name": "amountA",
        "type": "uint256"
      },
      {
        "internalType": "uint256",
        "name": "amountB",
        "type": "uint256"
      }
    ],
    "stateMutability": "nonpayable",
    "type": "function"
  },
  {
    "inputs": [
      {
        "internalType": "address",
        "name": "token",
        "type": "address"
      },
      {
        "internalType": "uint256",
        "name": "liquidity",
        "type": "uint256"
      }
    ],
    "name": "removeLiquidityPHRS",
    "outputs": [
      {
        "internalType": "uint256",
        "name": "amountToken",
        "type": "uint256"
      },
      {
        "internalType": "uint256",
        "name": "amountPHRS",
        "type": "uint256"
      }
    ],
    "stateMutability": "nonpayable",
    "type": "function"
  },
  {
    "inputs": [
      {
        "internalType": "address",
        "name": "newFactory",
        "type": "address"
      }
    ],
    "name": "setFactory",
    "outputs": [],
    "stateMutability": "nonpayable",
    "type": "function"
  },
  {
    "inputs": [
      {
        "internalType": "address",
        "name": "n",
        "type": "address"
      }
    ],
    "name": "setOwner",
    "outputs": [],
    "stateMutability": "nonpayable",
    "type": "function"
  },
  {
    "inputs": [
      {
        "internalType": "uint256",
        "name": "amountOutMin",
        "type": "uint256"
      },
      {
        "internalType": "address[]",
        "name": "path",
        "type": "address[]"
      },
      {
        "internalType": "address",
        "name": "to",
        "type": "address"
      },
      {
        "internalType": "uint256",
        "name": "deadline",
        "type": "uint256"
      }
    ],
    "name": "swapExactPHRSForTokens",
    "outputs": [
      {
        "internalType": "uint256",
        "name": "amountOut",
        "type": "uint256"
      }
    ],
    "stateMutability": "payable",
    "type": "function"
  },
  {
    "inputs": [
      {
        "internalType": "uint256",
        "name": "amountIn",
        "type": "uint256"
      },
      {
        "internalType": "uint256",
        "name": "amountOutMin",
        "type": "uint256"
      },
      {
        "internalType": "address[]",
        "name": "path",
        "type": "address[]"
      },
      {
        "internalType": "address",
        "name": "to",
        "type": "address"
      },
      {
        "internalType": "uint256",
        "name": "deadline",
        "type": "uint256"
      }
    ],
    "name": "swapExactTokensForPHRS",
    "outputs": [
      {
        "internalType": "uint256",
        "name": "amountOut",
        "type": "uint256"
      }
    ],
    "stateMutability": "nonpayable",
    "type": "function"
  },
  {
    "inputs": [
      {
        "internalType": "uint256",
        "name": "amountIn",
        "type": "uint256"
      },
      {
        "internalType": "uint256",
        "name": "amountOutMin",
        "type": "uint256"
      },
      {
        "internalType": "address[]",
        "name": "path",
        "type": "address[]"
      },
      {
        "internalType": "address",
        "name": "to",
        "type": "address"
      },
      {
        "internalType": "uint256",
        "name": "deadline",
        "type": "uint256"
      }
    ],
    "name": "swapExactTokensForTokens",
    "outputs": [
      {
        "internalType": "uint256",
        "name": "amountOut",
        "type": "uint256"
      }
    ],
    "stateMutability": "nonpayable",
    "type": "function"
  },
  {
    "inputs": [],
    "name": "wphrs",
    "outputs": [
      {
        "internalType": "address",
        "name": "",
        "type": "address"
      }
    ],
    "stateMutability": "view",
    "type": "function"
  },
  {
    "stateMutability": "payable",
    "type": "receive"
  }
]