[
  {"type":"function","name":"deposit","stateMutability":"payable","inputs":[],"outputs":[]},
  {"type":"function","name":"withdraw","stateMutability":"nonpayable","inputs":[{"name":"wad","type":"uint256"}],"outputs":[]},
  {"type":"function","name":"balanceOf","stateMutability":"view","inputs":[{"name":"","type":"address"}],"outputs":[{"name":"","type":"uint256"}]},
  {"type":"function","name":"decimals","stateMutability":"view","inputs":[],"outputs":[{"name":"","type":"uint8"}]},
  {"type":"function","name":"symbol","stateMutability":"view","inputs":[],"outputs":[{"name":"","type":"string"}]}
]
